2026-06-12 17:36:13,Auth API,InsertActionLog,pq: could not complete operation in a failed transaction
2026-06-12 17:39:14,Auth API,InsertActionLog,pq: could not complete operation in a failed transaction
2026-06-12 18:00:45,Auth API,InsertActionLog,pq: could not complete operation in a failed transaction
2026-06-12 18:03:49,Auth API,InsertActionLog,pq: could not complete operation in a failed transaction
2026-06-12 18:04:37,Auth API,InsertActionLog,pq: could not complete operation in a failed transaction
2026-06-15 10:06:33,Auth API,InsertActionLog,pq: could not complete operation in a failed transaction
2026-06-15 10:06:39,Auth API,InsertActionLog,pq: could not complete operation in a failed transaction
2026-06-15 10:06:54,Auth API,InsertActionLog,pq: could not complete operation in a failed transaction
2026-06-15 10:06:56,Auth API,InsertActionLog,pq: could not complete operation in a failed transaction
2026-06-15 10:06:59,Auth API,InsertActionLog,pq: could not complete operation in a failed transaction
2026-06-15 10:09:05,Auth API,InsertActionLog,pq: could not complete operation in a failed transaction
2026-06-15 10:09:11,Auth API,InsertActionLog,pq: could not complete operation in a failed transaction
2026-06-15 10:09:31,Auth API,InsertActionLog,pq: could not complete operation in a failed transaction
2026-06-15 10:09:36,Auth API,InsertActionLog,pq: could not complete operation in a failed transaction
2026-06-15 10:09:39,Auth API,InsertActionLog,pq: could not complete operation in a failed transaction
2026-06-15 10:16:41,Auth API,InsertActionLog,pq: could not complete operation in a failed transaction
2026-06-15 10:20:12,Auth API,InsertActionLog,pq: could not complete operation in a failed transaction
2026-06-15 10:24:35,Auth API,InsertActionLog,pq: could not complete operation in a failed transaction
2026-06-15 10:25:05,Auth API,InsertActionLog,pq: could not complete operation in a failed transaction
2026-06-15 10:41:46,Auth API,InsertActionLog,pq: could not complete operation in a failed transaction
2026-06-15 10:51:07,Auth API,InsertActionLog,pq: could not complete operation in a failed transaction
2026-06-15 10:51:10,Auth API,InsertActionLog,pq: could not complete operation in a failed transaction
2026-06-15 10:51:26,Auth API,InsertActionLog,pq: could not complete operation in a failed transaction
2026-06-15 10:57:08,Auth API,InsertActionLog,pq: could not complete operation in a failed transaction
2026-06-15 10:58:09,Auth API,InsertActionLog,pq: could not complete operation in a failed transaction
2026-06-15 11:58:57,Auth API,InsertActionLog,pq: could not complete operation in a failed transaction
2026-06-15 13:30:35,Auth API,InsertActionLog,pq: could not complete operation in a failed transaction
2026-06-15 13:30:40,Auth API,InsertActionLog,pq: could not complete operation in a failed transaction
2026-06-15 13:30:45,Auth API,InsertActionLog,pq: could not complete operation in a failed transaction
2026-06-15 13:30:53,Auth API,InsertActionLog,pq: could not complete operation in a failed transaction
2026-06-16 14:15:12,Auth API,InsertActionLog,pq: could not complete operation in a failed transaction
2026-06-16 14:34:12,Auth API,InsertActionLog,pq: could not complete operation in a failed transaction
2026-06-16 14:34:17,Auth API,InsertActionLog,pq: could not complete operation in a failed transaction
2026-06-16 14:35:34,Auth API,InsertActionLog,pq: could not complete operation in a failed transaction
2026-06-16 14:43:43,Auth API,InsertActionLog,pq: could not complete operation in a failed transaction
2026-06-16 14:46:47,Auth API,InsertActionLog,pq: could not complete operation in a failed transaction
2026-06-16 14:48:31,Auth API,InsertActionLog,pq: could not complete operation in a failed transaction
2026-06-16 14:49:49,Auth API,InsertActionLog,pq: could not complete operation in a failed transaction
2026-06-16 14:49:54,Auth API,InsertActionLog,pq: could not complete operation in a failed transaction
2026-06-16 14:53:49,Auth API,InsertActionLog,pq: could not complete operation in a failed transaction
2026-06-16 14:53:52,Auth API,InsertActionLog,pq: could not complete operation in a failed transaction
2026-06-16 15:09:59,Auth API,InsertActionLog,pq: could not complete operation in a failed transaction
2026-06-16 15:11:41,Auth API,InsertActionLog,pq: could not complete operation in a failed transaction
2026-06-16 15:12:07,Auth API,InsertActionLog,pq: could not complete operation in a failed transaction
2026-06-16 15:13:59,Auth API,InsertActionLog,pq: could not complete operation in a failed transaction
2026-06-16 15:16:12,Auth API,InsertActionLog,pq: could not complete operation in a failed transaction
2026-06-16 15:18:55,Auth API,InsertActionLog,pq: could not complete operation in a failed transaction
2026-06-16 15:19:14,Auth API,InsertActionLog,pq: could not complete operation in a failed transaction
2026-06-16 15:23:01,Auth API,InsertActionLog,pq: could not complete operation in a failed transaction
2026-06-23 15:51:32,Auth API,InsertActionLog,pq: could not complete operation in a failed transaction
2026-06-23 15:56:08,Auth API,InsertActionLog,pq: could not complete operation in a failed transaction
2026-06-23 15:56:24,Auth API,InsertActionLog,pq: could not complete operation in a failed transaction
2026-06-23 16:00:21,Auth API,InsertActionLog,pq: could not complete operation in a failed transaction
2026-06-23 16:08:54,Auth API,InsertActionLog,pq: could not complete operation in a failed transaction
2026-06-23 16:09:04,Auth API,InsertActionLog,pq: could not complete operation in a failed transaction
2026-06-23 16:09:14,Auth API,InsertActionLog,pq: could not complete operation in a failed transaction
2026-06-23 16:28:35,Auth API,InsertActionLog,pq: could not complete operation in a failed transaction
2026-06-30 12:43:16,Auth API,InsertActionLog,pq: could not complete operation in a failed transaction
2026-06-30 12:44:45,Auth API,InsertActionLog,pq: could not complete operation in a failed transaction
2026-06-30 12:47:54,Auth API,InsertActionLog,pq: could not complete operation in a failed transaction
2026-06-30 16:35:09,Auth API,InsertActionLog,pq: could not complete operation in a failed transaction
2026-06-30 17:02:05,Auth API,InsertActionLog,pq: could not complete operation in a failed transaction
